{"data":[{"Eint":-196.4907066738977,"EpairN":0.0,"EpairP":0.0,"a":10.0,"beta":0.5164325273558135,"betaReal":0.4041004734347223,"constraints_energy":0.0,"gamma":-0.04414246794052439,"iter":62,"step":0.6896551724137931},{"Eint":-195.9157394274817,"EpairN":0.0,"EpairP":0.0,"a":10.0,"beta":0.5176161494945096,"betaReal":0.404144993517782,"constraints_energy":0.0,"gamma":-0.022528543392017684,"iter":55,"step":0.5128205128205128},{"Eint":-195.8251379528068,"EpairN":0.0,"EpairP":0.0,"a":10.0,"beta":0.5171095242991401,"betaReal":0.4036351040078374,"constraints_energy":0.0,"gamma":-0.0998183825983929,"iter":56,"step":0.40816326530612246},{"Eint":-196.0002654722727,"EpairN":0.0,"EpairP":0.0,"a":9.0,"beta":0.5175410535393259,"betaReal":0.40422756522954184,"constraints_energy":0.0,"gamma":-0.23900578766817668,"iter":60,"step":0.5454545454545454}]}
