{"data":[{"Eint":-202.47027416728343,"EpairN":-0.0,"EpairP":-0.0,"a":10.0,"beta":0.5136960953132909,"betaReal":0.40630968808410667,"constraints_energy":0.0,"gamma":-0.2893633476641838,"iter":71,"step":1.0526315789473684},{"Eint":-201.95647319493173,"EpairN":-0.0,"EpairP":-0.0,"a":10.0,"beta":0.40083186178835895,"betaReal":0.32699371146088435,"constraints_energy":0.010474879405652907,"gamma":-0.00024966642365887215,"iter":300,"step":1.0526315789473684},{"Eint":-197.50932666709195,"EpairN":-3.8041971293724366,"EpairP":-3.5589861431336223,"a":10.0,"beta":0.399009149182194,"betaReal":0.31533943496805167,"constraints_energy":0.002775055558707545,"gamma":0.00029110372614165757,"iter":300,"step":1.0526315789473684},{"Eint":-201.95541064127798,"EpairN":0.0,"EpairP":0.0,"a":10.0,"beta":0.4007270466378076,"betaReal":0.3269165409772401,"constraints_energy":0.009156523155914574,"gamma":-0.00048290392336009733,"iter":300,"step":1.0526315789473684}]}
