{"data":[{"Eint":-209.687850089581,"EpairN":0.0,"EpairP":0.0,"a":10.0,"beta":0.3141380154631107,"betaReal":0.25353111752840757,"constraints_energy":0.0,"gamma":-1.337561034140579,"iter":71,"step":0.3389830508474576}]}
