{"data":[{"Eint":-167.46538316445333,"EpairN":0.0,"EpairP":0.0,"a":10.0,"beta":0.4737237459810578,"betaReal":0.37598786596934025,"constraints_energy":0.0,"gamma":-0.10237194258020112,"iter":43,"step":0.3389830508474576}]}
