{"data":[{"Eint":-166.0197212871821,"EpairN":0.0,"EpairP":0.0,"a":10.0,"beta":0.5054497527309332,"betaReal":0.38895995191700816,"constraints_energy":0.0,"gamma":-0.08240148392380268,"iter":45,"step":0.3389830508474576}]}
