{"Eint":-142.11326434501274,"a":9.0,"beta":-9.595505658628707e-06,"gamma":120.26636043524044,"step":0.46153846153846156}
