{"Eint":-142.11331053538285,"a":9.0,"beta":2.3419346069958847e-08,"gamma":-25.408458721999974,"step":0.46153846153846156}
