{
    "t0": -1879.639,
    "t1": 313.749,
    "t2": 112.677,
    "t3": 12527.376,
    "W0": 68.22334,  
    "x0": 0.258546,
    "x1": -0.381689,
    "x2": -2.823638,
    "x3": 0.123229,
    "sigma": 0.1666666
}
