{"data":[{"Eint":-156.9243017810436,"EpairN":0.0,"EpairP":0.0,"a":10.0,"beta":0.5101048049384792,"betaReal":0.3743400159683121,"constraints_energy":0.0,"gamma":-0.19119399807891976,"iter":45,"step":0.3389830508474576}]}
