{"Eint":-276.9909291202665,"EpairN":7.285951504404976e-08,"EpairP":9.94835364180563e-08,"a":9.0,"beta":4.563414132850661e-05,"constraints_energy":0.0,"gamma":-6.080983209199307,"iter":42,"step":0.9473684210526315},
{"Eint":-276.9846897357012,"EpairN":5.12670325505135e-14,"EpairP":9.088222196095735e-14,"a":9.0,"beta":-0.0004326956540785212,"constraints_energy":0.0,"gamma":-102.00761337325318,"iter":53,"step":0.9473684210526315},
{"Eint":-274.8688123417078,"EpairN":0.5740772790636142,"EpairP":0.48945722058714203,"a":9.0,"beta":1.7661165644181804e-06,"constraints_energy":0.0,"gamma":144.76013600234737,"iter":41,"step":0.9473684210526315},
{"Eint":-266.92171257919176,"EpairN":2.7951624407543343,"EpairP":2.5385488225445516,"a":9.0,"beta":-0.00040687924520736095,"constraints_energy":0.0,"gamma":78.45880407031176,"iter":100,"step":0.9473684210526315},
