{"Eint":-128.40155218542282,"a":9.0,"beta":4.4155629140244095e-07,"gamma":0.9421536597354527,"step":0.3050847457627119}
