{"Eint":-142.07371168524804,"a":9.0,"beta":-2.2482800196256844e-07,"gamma":136.0215996358393,"step":0.3050847457627119}
