{"Eint":-141.58137600163974,"a":9.0,"beta":-1.2241629394561704e-06,"gamma":117.42120277088281,"step":0.3050847457627119}
{"Eint":-128.4386813096617,"a":9.0,"beta":-1.0281170922349184e-06,"gamma":176.38477466667138,"step":0.46153846153846156}
{"Eint":-315.2205122163842,"a":9.0,"beta":3.3720581831376152e-06,"gamma":38.223953809887675,"step":2.0}
{"Eint":-315.2205122163842,"a":9.0,"beta":3.3720581831376152e-06,"gamma":38.223953809887675,"step":2.0}
{"Eint":-315.2205122163842,"a":9.0,"beta":3.3720581831376152e-06,"gamma":38.223953809887675,"step":2.0}
{"Eint":-315.2205122163842,"a":9.0,"beta":3.3720581831376152e-06,"gamma":38.223953809887675,"step":2.0}
