{"Eint":-141.58137600163974,"a":9.0,"beta":-1.2241629394561704e-06,"gamma":117.42120277088281,"step":0.3050847457627119}
