{"Eint":-141.58137600163974,"a":9.0,"beta":-1.2241629394561704e-06,"gamma":117.42120277088281,"step":0.3050847457627119}
{"Eint":-128.4386813096617,"a":9.0,"beta":-1.0281170922349184e-06,"gamma":176.38477466667138,"step":0.46153846153846156}
{"Eint":-315.2205122163842,"a":9.0,"beta":3.3720581831376152e-06,"gamma":38.223953809887675,"step":2.0}
{"Eint":-315.2205122163842,"a":9.0,"beta":3.3720581831376152e-06,"gamma":38.223953809887675,"step":2.0}
{"Eint":-315.2205122163842,"a":9.0,"beta":3.3720581831376152e-06,"gamma":38.223953809887675,"step":2.0}
{"Eint":-315.2205122163842,"a":9.0,"beta":3.3720581831376152e-06,"gamma":38.223953809887675,"step":2.0}
{"Eint":-2458.962596745845,"a":9.0,"beta":1.3827337756757378e-06,"gamma":-38.538646709906054,"step":0.9473684210526315}
{"Eint":-2434.2046247176686,"a":9.0,"beta":0.001517390502688071,"gamma":0.4925879358941523,"step":0.9473684210526315}
{"Eint":-3061.7381156186093,"a":9.0,"beta":0.4868920271538814,"gamma":-0.00021725665144926414,"step":0.9473684210526315}
{"Eint":-3061.7381156186093,"a":9.0,"beta":0.4868920271538814,"gamma":-0.00021725665144926414,"step":0.9473684210526315}
{"Eint":-2067.718066935133,"a":9.0,"beta":0.0013787066602965108,"gamma":0.29648258447460835,"step":0.9473684210526315}
{"Eint":-1133.585161842131,"a":9.0,"beta":0.002424439428945904,"gamma":-0.04026849970735192,"step":0.9473684210526315}
{"Eint":-1138.7159580264408,"a":9.0,"beta":0.0030546752691551567,"gamma":-0.12708227409873515,"step":0.9473684210526315}
{"Eint":-9343.088509831317,"a":9.0,"beta":0.46142479522568436,"gamma":0.00044103287402143785,"step":0.9473684210526315}
{"Eint":-323.4632766214678,"a":12.0,"beta":-6.687196723523408e-06,"gamma":172.95448839220666,"step":0.8275862068965517}
{"Eint":-323.4632766187402,"a":12.0,"beta":-6.6870573590468976e-06,"gamma":172.96537908681532,"step":0.8275862068965517}
