{"Eint":-141.58134947112154,"EpairN":0.0,"EpairP":0.0,"a":9.0,"beta":9.36229466344083e-08,"constraints_energy":0.0,"gamma":-108.39806614008025,"iter":57,"step":0.3050847457627119},
