{"Eint":-142.07918468632315,"a":9.0,"beta":8.94943353687825e-08,"gamma":3.8512617777616676,"step":0.3050847457627119}
