{"data":[{"Eint":-195.0004821424793,"EpairN":-1.7458737283424228,"EpairP":-1.6101939875440934,"a":10.0,"beta":0.37508954200274996,"betaReal":0.30112989684850744,"constraints_energy":-0.026891154359803177,"gamma":-0.005893036665684603,"iter":250,"step":0.6896551724137931},{"Eint":-194.9822429113733,"EpairN":-2.051551164837667,"EpairP":-1.9156274768488741,"a":10.0,"beta":0.35639241540090927,"betaReal":0.28687163950764105,"constraints_energy":0.04196143240722339,"gamma":-0.0011474224431944967,"iter":250,"step":0.6896551724137931},{"Eint":-194.88164853510386,"EpairN":-2.338234839670995,"EpairP":-2.200675056335307,"a":10.0,"beta":0.33662534257339866,"betaReal":0.2716380356100398,"constraints_energy":0.11737011802170966,"gamma":-0.0005271143227967752,"iter":250,"step":0.6896551724137931}]}
