{"data":[{"Eint":-190.89279307328962,"EpairN":0.0,"EpairP":0.0,"a":10.0,"beta":0.8779949810953812,"betaReal":0.6031028445982349,"constraints_energy":0.5291333652910681,"gamma":0.0021402711176927757,"iter":250,"step":0.6896551724137931}]}
