{"data":[{"Eint":-198.427347204388,"EpairN":-4.846717314561943,"EpairP":-4.614025608393994,"a":10.0,"beta":0.19634195834387705,"betaReal":0.16106517631670586,"constraints_energy":-0.041604577374461486,"gamma":-0.07678778105444745,"iter":100,"step":0.9523809523809523},{"Eint":-194.98701461125717,"EpairN":-4.161373242119368,"EpairP":-4.003326074514429,"a":10.0,"beta":0.19762991056078485,"betaReal":0.16068553255829313,"constraints_energy":-0.0294979442810346,"gamma":-0.06962882750398354,"iter":100,"step":0.6896551724137931}]}
