{"data":[{"Eint":-313.12930007993646,"EpairN":0.0,"EpairP":0.0,"a":11.0,"beta":-0.3317603143938632,"betaReal":0.27005455930840294,"constraints_energy":0.0,"gamma":179.61861330465015,"iter":82,"step":0.3728813559322034},{"Eint":-313.12930007993646,"EpairN":0.0,"EpairP":0.0,"a":11.0,"beta":-0.3317603143938632,"betaReal":0.27005455930840294,"constraints_energy":0.0,"gamma":179.61861330465015,"iter":82,"step":0.3728813559322034},{"Eint":-313.12930007993646,"EpairN":0.0,"EpairP":0.0,"a":11.0,"beta":-0.3317603143938632,"betaReal":0.27005455930840294,"constraints_energy":0.0,"gamma":179.61861330465015,"iter":82,"step":0.3728813559322034}]}
