{"Eint":-224.79431322052045,"a":12.0,"beta":0.48857541814797484,"gamma":0.004796512079863665,"step":0.6153846153846154}
