{"Eint":-224.79431382615718,"a":12.0,"beta":0.4885997480858882,"gamma":0.00045367124649413934,"step":0.6153846153846154}
