{"Eint":-224.7943137764281,"a":12.0,"beta":0.48860007829569774,"gamma":0.000243452958771716,"step":0.6153846153846154}
