{"Eint":-224.7943137823728,"a":12.0,"beta":0.4886001136522953,"gamma":0.0002311016454337908,"step":0.6153846153846154}
