{"Eint":-224.79431378865416,"a":12.0,"beta":0.4886001072586183,"gamma":0.0002331934656020998,"step":0.6153846153846154}
