{"Eint":-224.79431379263048,"a":12.0,"beta":0.4886000991816627,"gamma":0.00023214429697864645,"step":0.6153846153846154}
