{"Eint":-142.1133105167226,"a":9.0,"beta":2.348508283789725e-08,"gamma":-25.447010298285345,"step":0.46153846153846156}
