{"Eint":-142.07135330926016,"a":9.0,"beta":-4.363099511969814e-10,"gamma":-176.53659588892086,"step":0.2608695652173913}
