{"Eint":-142.08140443953238,"a":9.0,"beta":-1.359601969443304e-06,"gamma":69.63846755380239,"step":0.3673469387755102}
