{"Eint":-142.07372878400534,"a":9.0,"beta":8.74304214711679e-10,"gamma":-77.71389914986585,"step":0.3050847457627119}
