{"Eint":-142.30593887923175,"a":9.0,"beta":-4.227215498391059e-09,"gamma":103.74035965810877,"step":0.6206896551724138}
