{"data":[{"Eint":-197.21865490743482,"EpairN":0.0,"EpairP":0.0,"a":10.0,"beta":0.4942064033730936,"betaReal":0.39023860035748154,"constraints_energy":0.0,"gamma":-0.19796574751464438,"iter":55,"step":0.3389830508474576}]}
