{"data":[{"Eint":-317.1633627891449,"EpairN":0.0,"EpairP":0.0,"a":11.0,"beta":-0.3023876479692591,"betaReal":0.24741862867152034,"constraints_energy":0.0,"gamma":179.50641359507512,"iter":100,"step":0.3728813559322034}]}
