{"Eint":-203.1427440445171,"EpairN":-0.0,"EpairP":-0.0,"a":10.0,"beta":0.5035733037579208,"constraints_energy":0.0,"gamma":0.05021633371401379,"iter":35,"step":1.0526315789473684},
{"Eint":-5258088.669653615,"EpairN":-0.0,"EpairP":-0.0,"a":10.0,"beta":-1.3229340415241508,"constraints_energy":0.0,"gamma":-120.00000029133271,"iter":51,"step":1.0526315789473684},
{"Eint":-196.58263532622698,"EpairN":-0.6627014897813857,"EpairP":-0.6388014236649004,"a":10.0,"beta":0.00010990533251221076,"constraints_energy":0.0,"gamma":46.604930129170995,"iter":42,"step":1.0526315789473684},
