{"data":[{"Eint":-320.76007362965333,"EpairN":0.0,"EpairP":0.0,"a":11.0,"beta":-0.31305713763690973,"betaReal":0.2567038545445679,"constraints_energy":0.0,"gamma":179.57224812052448,"iter":79,"step":0.3728813559322034}]}
