{"data":[{"Eint":-3419.2366289336037,"EpairN":0.0,"EpairP":0.0,"a":10.0,"beta":0.33202920915830386,"betaReal":0.7778863069214079,"constraints_energy":685.6968603583501,"gamma":-5.186831771097878,"iter":300,"step":0.6896551724137931},{"Eint":-3404.6369654831974,"EpairN":0.0,"EpairP":0.0,"a":10.0,"beta":0.3317628628947805,"betaReal":0.7775351618057188,"constraints_energy":5086.875154965956,"gamma":-5.192964564688074,"iter":300,"step":0.6896551724137931},{"Eint":-3429.1424431131095,"EpairN":0.0,"EpairP":0.0,"a":10.0,"beta":0.33120736807377404,"betaReal":0.7771555190514264,"constraints_energy":9479.674064755376,"gamma":-5.181944646156367,"iter":300,"step":0.6896551724137931},{"Eint":-1222.9932462502638,"EpairN":0.0,"EpairP":0.0,"a":10.0,"beta":-4.533651686652986,"betaReal":0.1771106125197421,"constraints_energy":7516.642661967771,"gamma":-149.4749655548673,"iter":300,"step":0.6896551724137931}]}
