{"data":[{"Eint":-109.40573269995667,"EpairN":0.0,"EpairP":0.0,"a":11.0,"beta":-0.575657918837301,"betaReal":0.432683180890982,"constraints_energy":0.0,"gamma":179.9153142485071,"iter":57,"step":0.41509433962264153}]}
