{"data":[{"Eint":-2054.6618385079637,"EintLag":-2024.16613945245,"EpairN":-1.1512437888930371e-21,"EpairP":-9.503888963473178,"a":15.0,"beta":0.0047914820440323885,"betaReal":0.004732626822188777,"constraintsEnergy":0.0,"gamma":-34.39842235374796,"iter":156,"step":1.0344827586206897}]}
