{"data":[{"Eint":-338.04658082861727,"EpairN":0.0,"EpairP":0.0,"a":11.0,"beta":-0.2980405115091363,"betaReal":0.25168148432228227,"constraints_energy":0.0,"gamma":179.6758531733766,"iter":91,"step":0.3728813559322034}]}
