{"Eint":-128.42107017136294,"a":9.0,"beta":3.655405467888198e-06,"gamma":48.18717441380623,"step":0.4186046511627907}
