{"Eint":-128.4739596714727,"a":9.0,"beta":7.964634365749936e-07,"gamma":-13.387071928860792,"step":0.5142857142857142}
