{"Eint":-128.67447265816853,"a":10.0,"beta":4.400440406435908e-07,"gamma":-35.288517462042414,"step":0.6451612903225806}
