{"Eint":-128.40155340646223,"a":9.0,"beta":-8.915581194250952e-07,"gamma":-124.14342688766935,"step":0.3050847457627119}
