{"Eint":-128.40221701396356,"a":11.0,"beta":1.2210777257420115e-06,"gamma":-60.30616810275067,"step":0.30985915492957744}
