{"Eint":-129.08263044740573,"a":11.0,"beta":3.691078498402567e-07,"gamma":-89.8125704461438,"step":0.7586206896551724}
