{"Eint":-128.66125611817378,"a":8.0,"beta":-4.254519743584402e-07,"gamma":-159.4656391092607,"step":0.64}
