{"Eint":-128.38858722784653,"a":7.0,"beta":2.1927344302603147e-07,"gamma":18.307961260998894,"step":0.3111111111111111}
