{"Eint":-128.41470643877565,"a":7.0,"beta":-1.3577973751142508e-06,"gamma":138.63698726003713,"step":0.42424242424242425}
