{"Eint":-128.42015408987416,"a":11.0,"beta":1.0184528529333532e-05,"gamma":13.332036080580519,"step":0.41509433962264153}
