{"Eint":-128.41740126646653,"a":8.0,"beta":1.2383340136807249e-05,"gamma":-30.732150682444633,"step":0.41025641025641024}
