{"Eint":-128.47185877379607,"a":11.0,"beta":2.052404324076725e-07,"gamma":-69.70039721614108,"step":0.5116279069767442}
