{"Eint":-129.0980148858098,"a":8.0,"beta":3.888420968959721e-07,"gamma":28.637420828453738,"step":0.7619047619047619}
