{"Eint":-129.2112594424915,"a":9.0,"beta":-2.44066301341993e-07,"gamma":163.27671791147213,"step":0.782608695652174}
