{"Eint":-128.47084960506493,"a":7.0,"beta":-4.941354346672948e-07,"gamma":98.84580007965337,"step":0.5185185185185185}
