{"Eint":-128.71874215421033,"a":7.0,"beta":4.207290400132945e-07,"gamma":-37.908682699412566,"step":0.6666666666666666}
