{"Eint":-128.41808181877994,"a":10.0,"beta":-1.4812332183856727e-05,"gamma":60.28417474392506,"step":0.40816326530612246}
