{"Eint":-128.4020100931004,"a":10.0,"beta":1.4056596320716355e-06,"gamma":-87.5787949409892,"step":0.3076923076923077}
