{"Eint":-128.47469655527374,"a":8.0,"beta":-1.0609772260629092e-06,"gamma":175.0445028259686,"step":0.5161290322580645}
