{"Eint":-128.73016118221773,"a":9.0,"beta":-2.508314108894695e-07,"gamma":104.47904644984487,"step":0.6666666666666666}
