{"Eint":-128.63669257818623,"a":11.0,"beta":1.965524467010758e-07,"gamma":23.125672378381978,"step":0.6285714285714286}
