{"Eint":-129.42116049532132,"a":7.0,"beta":-2.3295509024260328e-07,"gamma":-174.54592781770802,"step":0.8235294117647058}
