{"Eint":-128.40049743035945,"a":8.0,"beta":-1.4092662281601925e-06,"gamma":121.11003857147224,"step":0.3137254901960784}
