{"Eint":-128.47283373642202,"a":10.0,"beta":2.362592670907959e-07,"gamma":9.052489179694433,"step":0.5128205128205128}
