{"Eint":-128.99714281915587,"a":10.0,"beta":-4.47103421204392e-07,"gamma":-120.89863339494528,"step":0.7407407407407407}
