{"Eint":-142.41849167216407,"a":7.0,"step":0.6666666666666666}
