{"Eint":-142.15717115006015,"a":9.0,"step":0.5142857142857142}
