{"Eint":-142.31229570285703,"a":9.0,"step":0.6206896551724138}
