{"Eint":-142.15819458488136,"a":8.0,"step":0.5161290322580645}
