{"Eint":-142.15536591743998,"a":7.0,"step":0.5185185185185185}
