{"Eint":-142.67412648578494,"a":7.0,"step":0.7368421052631579}
