{"Eint":-142.93765801509073,"a":9.0,"step":0.782608695652174}
