{"Eint":-142.8184000106088,"a":8.0,"step":0.7619047619047619}
