{"data":[{"Eint":-221.66773304764928,"EpairN":0.0,"EpairP":0.0,"a":10.0,"beta":0.29360229789278197,"betaReal":0.24458386532929727,"constraints_energy":0.0,"gamma":-1.0722712915521526,"iter":75,"step":0.3389830508474576}]}
