{"Eint":-195.17792523664212,"EpairN":0.0,"EpairP":0.0,"a":10.0,"beta":0.5245362303275343,"constraints_energy":0.0,"gamma":-0.1771360234277275,"iter":56,"step":0.3389830508474576},
{"Eint":-195.85420719617025,"EpairN":0.0,"EpairP":0.0,"a":10.0,"beta":0.5102666114464798,"constraints_energy":0.0,"gamma":-0.2368739009411699,"iter":56,"step":0.3389830508474576},
