{"data":[{"Eint":-908.9839138230059,"EintLag":-897.0733912530588,"EpairN":-12.100330832782397,"EpairP":-6.260188988849274,"a":15.0,"beta":-0.0010372927625948419,"betaReal":0.000984377472600234,"constraintsEnergy":0.0,"gamma":177.73768599651316,"iter":53,"step":1.0344827586206897},{"Eint":-908.9925976907036,"EintLag":-897.1049597576405,"EpairN":-12.155310472902212,"EpairP":-6.29259379236759,"a":15.0,"beta":-0.0024056115934289733,"betaReal":0.002284356168456754,"constraintsEnergy":0.0,"gamma":170.64870036740425,"iter":135,"step":1.0344827586206897},{"Eint":-908.9742683167942,"EintLag":-897.1336195965944,"EpairN":-12.139964977354664,"EpairP":-6.296799286748087,"a":15.0,"beta":0.009039783599184304,"betaReal":0.008582538907453184,"constraintsEnergy":0.0,"gamma":-19.911372586596414,"iter":116,"step":1.0344827586206897}]}
