{"Eint":-142.11331061700693,"a":9.0,"beta":3.7346622283847053e-07,"gamma":2.063006282983452,"step":0.46153846153846156}
