{"Eint":-142.11331061734057,"a":9.0,"beta":7.338937457768663e-07,"gamma":1.830346482588693,"step":0.46153846153846156}
