{"Eint":-142.11331061676748,"a":9.0,"beta":6.292088648963583e-08,"gamma":1.9626585658425608,"step":0.46153846153846156}
