{"Eint":-142.11331061731627,"a":9.0,"beta":6.625897519301493e-08,"gamma":1.8557634686893427,"step":0.46153846153846156}
