{"Eint":-142.11331061728998,"a":9.0,"beta":7.68267630080603e-08,"gamma":1.5945819686903284,"step":0.46153846153846156}
