{"Eint":-142.11331061805626,"a":9.0,"beta":1.7966782928687073e-09,"gamma":1.4989528871533095,"step":0.46153846153846156}
