{"data":[{"Eint":-117.5373383038278,"EpairN":0.0,"EpairP":0.0,"a":11.0,"beta":-0.5650575270079724,"betaReal":0.42926809401749844,"constraints_energy":0.0,"gamma":-179.99950096731916,"iter":85,"step":0.41509433962264153}]}
