{"data":[{"Eint":-467.1325180012659,"EintLag":-456.3586135236924,"EpairN":-0.4121570184944047,"EpairP":-0.4121570184944047,"a":11.0,"beta":0.09987699087398748,"betaReal":0.09336249583742881,"constraintsEnergy":0.0,"gamma":-1.558451450954941,"iter":100,"step":1.1578947368421053}]}
