{
  "t0": -2199.38,
  "t1": 533.036,
  "t2": -88.1692,
  "t3": 11293.5,
  "x0": 0.514710,
  "x1": -0.531674,
  "x2": -0.026340,
  "x3": 0.944603,
  "sigma": 0.179550,
  "W0": 130.026,
  "W0_pr": 101.893,
  "aT": -39.8048,
  "bT": 66.6505,
  "name": "SAMi"
}

