{
    "t0": -2931.7,
    "t1": 320.62,
    "t2": -337.41,
    "t3": 18709.0,
    "x0": 0.29215,
    "x1": 0.65318,
    "x2": -0.53732,
    "x3": 0.18103,
    "W0": 100.0,
    "sigma": 0.1666666,
    "name": "SkP"
}

