{"Eint":-142.29485741866,"a":12.0,"beta":5.081526030544338e-10,"gamma":8.622310100715582,"step":0.6153846153846154}
