{"data":[{"Eint":-326.1017327925292,"EpairN":0.0,"EpairP":0.0,"a":11.0,"beta":-0.3087936038364763,"betaReal":0.2584208073811068,"constraints_energy":0.0,"gamma":179.6245097684966,"iter":87,"step":0.3728813559322034}]}
