{"data":[{"Eint":-157.20039981108079,"EpairN":0.0,"EpairP":0.0,"a":10.0,"beta":0.5077694599743584,"betaReal":0.3799959152402364,"constraints_energy":0.0,"gamma":-0.12355038522061051,"iter":45,"step":0.3389830508474576}]}
