{"Eint":-224.05489129450035,"a":11.0,"step":0.5641025641025641}
