{"Eint":-195.8505416022545,"a":10.0,"step":0.5128205128205128}
