{"Eint":-224.37799853020368,"a":11.0,"step":0.5641025641025641}
