{"Eint":-617.1356990542886,"a":14.0,"step":0.4745762711864407}
