{"Eint":-128.40157585240956,"a":9.0,"step":0.3050847457627119}
