{"Eint":-158.86563029944767,"a":12.0,"step":0.8275862068965517}
