{"Eint":-179.08117429393008,"a":12.0,"beta":0.5716925668336574,"step":0.8275862068965517}
{"Eint":-143.23496650828667,"a":12.0,"beta":-1.5729858330031743e-09,"step":0.8275862068965517}
