{"Eint":-246.893349086885,"a":12.0,"beta":0.4760180887238683,"gamma":0.0010194272536142527,"step":1.263157894736842}
{"Eint":-247.00932941419074,"a":12.0,"beta":0.4368280407715652,"gamma":-1.750898737248891e-07,"step":1.263157894736842}
{"Eint":-247.00573654178328,"a":12.0,"beta":0.42240689775091816,"gamma":5.992720979389376e-08,"step":1.263157894736842}
{"Eint":-246.9755271064558,"a":12.0,"beta":0.40784032790254465,"gamma":7.600396347956334e-08,"step":1.263157894736842}
{"Eint":-246.91814330591416,"a":12.0,"beta":0.39327178852318617,"gamma":-6.716792423939044e-08,"step":1.263157894736842}
