{"Eint":-246.893349086885,"a":12.0,"beta":0.4760180887238683,"gamma":0.0010194272536142527,"step":1.263157894736842}
