{"Eint":-246.893083752758,"a":12.0,"beta":0.4760571986800197,"gamma":-0.00016866083516317996,"step":1.263157894736842}
