{"Eint":-195.1445161390953,"a":12.0,"beta":0.46724041395725535,"step":1.263157894736842}
{"Eint":-194.117711235544,"a":12.0,"beta":0.5724609028816713,"step":1.263157894736842}
{"Eint":-194.58635718239577,"a":12.0,"beta":0.5329762736564495,"step":1.263157894736842}
{"Eint":-194.9576776559809,"a":12.0,"beta":0.4935051267543072,"step":1.263157894736842}
{"Eint":-195.21885214754337,"a":12.0,"beta":0.4540076344294048,"step":1.263157894736842}
{"Eint":-195.35578885827596,"a":12.0,"beta":0.41454255852159466,"step":1.263157894736842}
{"Eint":-195.35590378870728,"a":12.0,"beta":0.37506160773210007,"step":1.263157894736842}
{"Eint":-194.8921384694462,"a":12.0,"beta":0.336117379088776,"step":1.263157894736842}
{"Eint":-194.68784804536676,"a":12.0,"beta":0.29628373376204736,"step":1.263157894736842}
{"Eint":-194.45500715342064,"a":12.0,"beta":0.25680112890302365,"step":1.263157894736842}
{"Eint":-194.22146175538194,"a":12.0,"beta":0.2177173151497343,"step":1.263157894736842}
