{"Eint":-246.89339293798793,"a":12.0,"beta":0.47601075996707815,"gamma":2.953588713080926e-06,"step":1.263157894736842}
{"Eint":-246.4100297398969,"a":12.0,"beta":0.33504428142926335,"gamma":-7.818003978755785e-06,"step":1.263157894736842}
