{"Eint":-224.7942759186182,"a":12.0,"beta":0.4882659069519196,"step":0.6153846153846154}
{"Eint":-224.54044081826214,"a":12.0,"beta":0.4224471742133196,"step":0.6153846153846154}
{"Eint":-224.26548943780523,"a":12.0,"beta":0.3933113891892378,"step":0.6153846153846154}
{"Eint":-223.89020708578357,"a":12.0,"beta":0.3641782312613954,"step":0.6153846153846154}
{"Eint":-223.41676894174913,"a":12.0,"beta":0.3350461518450231,"step":0.6153846153846154}
{"Eint":-224.79937761200284,"a":12.0,"beta":0.32248425047803175,"step":0.6153846153846154}
{"Eint":-224.7998302247721,"a":12.0,"beta":0.30082868250409767,"step":0.6153846153846154}
{"Eint":-224.80024473818634,"a":12.0,"beta":0.28170986725916763,"step":0.6153846153846154}
{"Eint":-224.80057341452743,"a":12.0,"beta":0.26541737945962285,"step":0.6153846153846154}
{"Eint":-224.80063011055387,"a":12.0,"beta":0.25160200226863577,"step":0.6153846153846154}
{"Eint":-224.80087099310458,"a":12.0,"beta":0.24263443420917424,"step":0.6153846153846154}
