{"Eint":-195.14457596363292,"a":12.0,"beta":0.46723517910074824,"gamma":-3.0783574608844e-08,"step":1.263157894736842}
{"Eint":-195.30363346040866,"a":12.0,"beta":0.434277364324979,"gamma":-4.3353861927585367e-07,"step":1.263157894736842}
{"Eint":-195.3557841337784,"a":12.0,"beta":0.41453677858368787,"gamma":2.4671454773701337e-06,"step":1.263157894736842}
{"Eint":-195.21857531217404,"a":12.0,"beta":0.3927914333302694,"gamma":-0.0006581342223304541,"step":1.263157894736842}
{"Eint":-195.17041488792694,"a":12.0,"beta":0.3747385698349331,"gamma":-0.0007078407209218576,"step":1.263157894736842}
{"Eint":-195.09049793675513,"a":12.0,"beta":0.3551048380031926,"gamma":-0.0006860313195167546,"step":1.263157894736842}
{"Eint":3157.2273849644585,"a":12.0,"beta":2.6739283090292996,"gamma":15.919070851328687,"step":1.263157894736842}
