{"data":[{"Eint":-211.6415248018718,"EpairN":0.0,"EpairP":0.0,"a":10.0,"beta":0.28943160792222533,"betaReal":0.23552281990544566,"constraints_energy":0.0,"gamma":-1.09284568212344,"iter":69,"step":0.3389830508474576}]}
