{"data":[{"Eint":-226.3370330972665,"EpairN":0.0,"EpairP":0.0,"a":10.0,"beta":0.31466537182735427,"betaReal":0.26626764377571643,"constraints_energy":0.0,"gamma":-0.7667137366492055,"iter":69,"step":0.3389830508474576}]}
